{
    "vocabulary": {
        "cocina": 23,
        "agua": 2,
        "balc\u00f3n": 13,
        "patio": 67,
        "terraza": 88,
        "parrilla": 66,
        "vista": 98,
        "de": 30,
        "servicio": 83,
        "pileta": 68,
        "aire": 3,
        "acceso": 1,
        "para": 65,
        "con": 26,
        "zona": 99,
        "por": 74,
        "ambientes": 7,
        "casa": 19,
        "planta": 73,
        "baja": 11,
        "lavadero": 51,
        "living": 52,
        "comedor": 24,
        "ba\u00f1o": 15,
        "completo": 25,
        "dormitorio": 34,
        "en": 39,
        "excelente": 44,
        "estado": 42,
        "no": 64,
        "es": 41,
        "apto": 9,
        "publicado": 78,
        "amb": 6,
        "expensas": 45,
        "venta": 96,
        "departamento": 32,
        "piso": 70,
        "al": 4,
        "frente": 46,
        "estrenar": 43,
        "el": 38,
        "pisos": 71,
        "madera": 57,
        "doble": 33,
        "mesada": 59,
        "muebles": 62,
        "bajo": 12,
        "toilette": 91,
        "placard": 72,
        "cochera": 21,
        "000": 0,
        "amplio": 8,
        "lote": 54,
        "muy": 63,
        "edificio": 37,
        "unidades": 95,
        "dormitorios": 35,
        "centro": 20,
        "entrada": 40,
        "dos": 36,
        "la": 49,
        "cuadras": 27,
        "del": 31,
        "m2": 56,
        "luminoso": 55,
        "av": 10,
        "una": 94,
        "calle": 18,
        "metros": 60,
        "ba\u00f1os": 16,
        "piscina": 69,
        "un": 93,
        "cuenta": 29,
        "hall": 48,
        "que": 79,
        "sobre": 84,
        "los": 53,
        "todos": 90,
        "barrio": 14,
        "las": 50,
        "alta": 5,
        "suite": 87,
        "calidad": 17,
        "son": 85,
        "principal": 75,
        "vestidor": 97,
        "medidas": 58,
        "propiedad": 76,
        "gran": 47,
        "san": 81,
        "cubierta": 28,
        "salida": 80,
        "se": 82,
        "ubicado": 92,
        "tiene": 89,
        "su": 86,
        "mts": 61,
        "cocheras": 22,
        "propiedades": 77
    },
    "idf": [
        3.0705514097421402,
        3.0834459537942527,
        3.1571287006312114,
        3.0046918375377833,
        1.731922078424014,
        3.0291928296213353,
        3.239723503441446,
        1.916544124588797,
        2.426023837053422,
        2.883264061263479,
        2.9149397618450115,
        2.8226542304866324,
        3.0236076412005244,
        2.4559949805633527,
        2.905768348336171,
        1.6234496094108992,
        3.0546076261125634,
        3.2387363808234886,
        3.05207409271565,
        2.263325854744537,
        3.2147199843810585,
        2.4477463323808215,
        3.1660132195695,
        1.3271728184275478,
        1.5726843471171341,
        2.0379797933009005,
        1.1890288966733402,
        3.1473396206925917,
        3.220339949998198,
        2.676190609664106,
        1.1169492055206631,
        2.058736876593201,
        1.8208797344037086,
        3.189813819779283,
        2.1759481825450524,
        1.8836208885900163,
        2.2689214606970034,
        2.5379051024116848,
        1.7444434941450635,
        1.1806440919320917,
        2.9917165479612913,
        2.615277443073139,
        3.083215600969492,
        3.230162603197644,
        2.257156221365195,
        3.018125408613967,
        2.328545478030906,
        2.94691453495782,
        3.0054018631285326,
        1.6292805297216923,
        2.2880455221479616,
        2.215131710148634,
        1.6878454670201593,
        2.261332577171109,
        3.1507836585371902,
        3.0735123502950987,
        2.831508841897527,
        3.2438620608553914,
        3.0839068186921863,
        2.912218319097531,
        3.1821561630280395,
        3.514618818666559,
        3.0192050502778414,
        2.300392649813883,
        2.865445385345,
        1.9594333079458448,
        2.311757611725759,
        2.798801819420805,
        2.848970749943038,
        3.2327448583166887,
        2.2920747043963674,
        2.3488933212515084,
        2.5213101412971675,
        2.4601861359772954,
        1.7530143976339891,
        2.9546485255575563,
        2.8730075610962897,
        2.927672964670945,
        3.224487319719733,
        2.5451856580542778,
        3.1709461337152596,
        3.06142030453007,
        2.309736370279482,
        2.833660022888429,
        2.6644042509084334,
        2.768194731478691,
        3.339632137236182,
        2.5642390256126717,
        2.659768547756431,
        3.364240419619175,
        3.0940999571399703,
        2.747401656105005,
        2.729346894096362,
        2.1243435018741077,
        2.4294119817993427,
        3.3176510736459917,
        1.9458502511742966,
        2.994593238245389,
        2.8499430988497907,
        2.7900590972203068
    ],
    "max_features": 100,
    "feature_names": [
        "000",
        "acceso",
        "agua",
        "aire",
        "al",
        "alta",
        "amb",
        "ambientes",
        "amplio",
        "apto",
        "av",
        "baja",
        "bajo",
        "balc\u00f3n",
        "barrio",
        "ba\u00f1o",
        "ba\u00f1os",
        "calidad",
        "calle",
        "casa",
        "centro",
        "cochera",
        "cocheras",
        "cocina",
        "comedor",
        "completo",
        "con",
        "cuadras",
        "cubierta",
        "cuenta",
        "de",
        "del",
        "departamento",
        "doble",
        "dormitorio",
        "dormitorios",
        "dos",
        "edificio",
        "el",
        "en",
        "entrada",
        "es",
        "estado",
        "estrenar",
        "excelente",
        "expensas",
        "frente",
        "gran",
        "hall",
        "la",
        "las",
        "lavadero",
        "living",
        "los",
        "lote",
        "luminoso",
        "m2",
        "madera",
        "medidas",
        "mesada",
        "metros",
        "mts",
        "muebles",
        "muy",
        "no",
        "para",
        "parrilla",
        "patio",
        "pileta",
        "piscina",
        "piso",
        "pisos",
        "placard",
        "planta",
        "por",
        "principal",
        "propiedad",
        "propiedades",
        "publicado",
        "que",
        "salida",
        "san",
        "se",
        "servicio",
        "sobre",
        "son",
        "su",
        "suite",
        "terraza",
        "tiene",
        "todos",
        "toilette",
        "ubicado",
        "un",
        "una",
        "unidades",
        "venta",
        "vestidor",
        "vista",
        "zona"
    ]
}